train_noise,depth,mlp_ratio,embed_dim,num_heads,params,epochs,test_noise,accuracy
0.0,10,0.5,192,3,1885834,30,0.0,76.43
0.05,10,0.5,192,3,1885834,30,0.0,71.46
0.1,10,0.5,192,3,1885834,30,0.0,64.65
0.15,10,0.5,192,3,1885834,30,0.0,62.78
0.2,10,0.5,192,3,1885834,30,0.0,57.71
0.25,10,0.5,192,3,1885834,30,0.0,54.95
0.3,10,0.5,192,3,1885834,30,0.0,54.16
0.35,10,0.5,192,3,1885834,30,0.0,51.2
0.4,10,0.5,192,3,1885834,30,0.0,51.32
0.0,10,1.0,192,3,2255434,30,0.0,77.62
0.05,10,1.0,192,3,2255434,30,0.0,75.52
0.1,10,1.0,192,3,2255434,30,0.0,68.97
0.15,10,1.0,192,3,2255434,30,0.0,63.86
0.2,10,1.0,192,3,2255434,30,0.0,58.09
0.25,10,1.0,192,3,2255434,30,0.0,55.32
0.3,10,1.0,192,3,2255434,30,0.0,52.86
0.35,10,1.0,192,3,2255434,30,0.0,51.66
0.4,10,1.0,192,3,2255434,30,0.0,50.85
0.0,10,1.5,192,3,2625034,30,0.0,75.01
0.05,10,1.5,192,3,2625034,30,0.0,74.29
0.1,10,1.5,192,3,2625034,30,0.0,67.53
0.15,10,1.5,192,3,2625034,30,0.0,63.06
0.2,10,1.5,192,3,2625034,30,0.0,57.32
0.25,10,1.5,192,3,2625034,30,0.0,55.76
0.3,10,1.5,192,3,2625034,30,0.0,51.02
0.35,10,1.5,192,3,2625034,30,0.0,50.64
0.4,10,1.5,192,3,2625034,30,0.0,50.07
0.0,10,2.0,192,3,2994634,30,0.0,77.83
0.05,10,2.0,192,3,2994634,30,0.0,73.7
0.1,10,2.0,192,3,2994634,30,0.0,66.24
0.15,10,2.0,192,3,2994634,30,0.0,60.95
0.2,10,2.0,192,3,2994634,30,0.0,52.04
0.25,10,2.0,192,3,2994634,30,0.0,53.08
0.3,10,2.0,192,3,2994634,30,0.0,54.0
0.35,10,2.0,192,3,2994634,30,0.0,48.23
0.4,10,2.0,192,3,2994634,30,0.0,48.15
0.0,10,2.5,192,3,3364234,30,0.0,73.54
0.05,10,2.5,192,3,3364234,30,0.0,75.09
0.1,10,2.5,192,3,3364234,30,0.0,65.81
0.15,10,2.5,192,3,3364234,30,0.0,61.05
0.2,10,2.5,192,3,3364234,30,0.0,54.62
0.25,10,2.5,192,3,3364234,30,0.0,52.47
0.3,10,2.5,192,3,3364234,30,0.0,51.82
0.35,10,2.5,192,3,3364234,30,0.0,46.36
0.4,10,2.5,192,3,3364234,30,0.0,48.37
0.0,10,3.0,192,3,3733834,30,0.0,76.78
0.05,10,3.0,192,3,3733834,30,0.0,73.14
0.1,10,3.0,192,3,3733834,30,0.0,66.67
0.15,10,3.0,192,3,3733834,30,0.0,60.68
0.2,10,3.0,192,3,3733834,30,0.0,54.85
0.25,10,3.0,192,3,3733834,30,0.0,53.56
0.3,10,3.0,192,3,3733834,30,0.0,51.47
0.35,10,3.0,192,3,3733834,30,0.0,49.48
0.4,10,3.0,192,3,3733834,30,0.0,48.91
0.0,10,3.5,192,3,4103434,30,0.0,74.93
0.05,10,3.5,192,3,4103434,30,0.0,75.54
0.1,10,3.5,192,3,4103434,30,0.0,67.45
0.15,10,3.5,192,3,4103434,30,0.0,60.39
0.2,10,3.5,192,3,4103434,30,0.0,52.91
0.25,10,3.5,192,3,4103434,30,0.0,49.75
0.3,10,3.5,192,3,4103434,30,0.0,48.77
0.35,10,3.5,192,3,4103434,30,0.0,45.93
0.4,10,3.5,192,3,4103434,30,0.0,45.37
0.0,10,4.0,192,3,4473034,30,0.0,79.01
0.05,10,4.0,192,3,4473034,30,0.0,72.12
0.1,10,4.0,192,3,4473034,30,0.0,64.1
0.15,10,4.0,192,3,4473034,30,0.0,56.33
0.2,10,4.0,192,3,4473034,30,0.0,55.25
0.25,10,4.0,192,3,4473034,30,0.0,52.42
0.3,10,4.0,192,3,4473034,30,0.0,46.83
0.35,10,4.0,192,3,4473034,30,0.0,46.59
0.4,10,4.0,192,3,4473034,30,0.0,47.3
0.0,10,4.5,192,3,4842634,30,0.0,74.51
0.05,10,4.5,192,3,4842634,30,0.0,72.77
0.1,10,4.5,192,3,4842634,30,0.0,56.48
0.15,10,4.5,192,3,4842634,30,0.0,59.35
0.2,10,4.5,192,3,4842634,30,0.0,53.94
0.25,10,4.5,192,3,4842634,30,0.0,50.52
0.3,10,4.5,192,3,4842634,30,0.0,48.34
0.35,10,4.5,192,3,4842634,30,0.0,48.12
0.4,10,4.5,192,3,4842634,30,0.0,47.47
0.0,10,5.0,192,3,5212234,30,0.0,79.24
0.05,10,5.0,192,3,5212234,30,0.0,73.33
0.1,10,5.0,192,3,5212234,30,0.0,65.14
0.15,10,5.0,192,3,5212234,30,0.0,57.08
0.2,10,5.0,192,3,5212234,30,0.0,53.31
0.25,10,5.0,192,3,5212234,30,0.0,48.25
0.3,10,5.0,192,3,5212234,30,0.0,47.39
0.35,10,5.0,192,3,5212234,30,0.0,46.3
0.4,10,5.0,192,3,5212234,30,0.0,45.18
0.0,10,5.5,192,3,5581834,30,0.0,71.5
0.05,10,5.5,192,3,5581834,30,0.0,71.22
0.1,10,5.5,192,3,5581834,30,0.0,65.2
0.15,10,5.5,192,3,5581834,30,0.0,56.23
0.2,10,5.5,192,3,5581834,30,0.0,53.76
0.25,10,5.5,192,3,5581834,30,0.0,52.73
0.3,10,5.5,192,3,5581834,30,0.0,46.63
0.35,10,5.5,192,3,5581834,30,0.0,45.8
0.4,10,5.5,192,3,5581834,30,0.0,46.42
0.0,10,6.0,192,3,5951434,30,0.0,77.52
0.05,10,6.0,192,3,5951434,30,0.0,65.41
0.1,10,6.0,192,3,5951434,30,0.0,60.38
0.15,10,6.0,192,3,5951434,30,0.0,58.95
0.2,10,6.0,192,3,5951434,30,0.0,52.83
0.25,10,6.0,192,3,5951434,30,0.0,50.55
0.3,10,6.0,192,3,5951434,30,0.0,47.57
0.35,10,6.0,192,3,5951434,30,0.0,48.72
0.4,10,6.0,192,3,5951434,30,0.0,45.02
0.0,12,0.5,192,3,2258122,30,0.0,77.45
0.05,12,0.5,192,3,2258122,30,0.0,74.77
0.1,12,0.5,192,3,2258122,30,0.0,68.19
0.15,12,0.5,192,3,2258122,30,0.0,62.49
0.2,12,0.5,192,3,2258122,30,0.0,59.29
0.25,12,0.5,192,3,2258122,30,0.0,56.3
0.3,12,0.5,192,3,2258122,30,0.0,52.42
0.35,12,0.5,192,3,2258122,30,0.0,51.91
0.4,12,0.5,192,3,2258122,30,0.0,48.72
0.0,12,1.0,192,3,2701642,30,0.0,77.71
0.05,12,1.0,192,3,2701642,30,0.0,74.59
0.1,12,1.0,192,3,2701642,30,0.0,68.16
0.15,12,1.0,192,3,2701642,30,0.0,62.01
0.2,12,1.0,192,3,2701642,30,0.0,59.13
0.25,12,1.0,192,3,2701642,30,0.0,55.75
0.3,12,1.0,192,3,2701642,30,0.0,52.24
0.35,12,1.0,192,3,2701642,30,0.0,49.02
0.4,12,1.0,192,3,2701642,30,0.0,49.53
0.0,12,1.5,192,3,3145162,30,0.0,78.07
0.05,12,1.5,192,3,3145162,30,0.0,73.73
0.1,12,1.5,192,3,3145162,30,0.0,67.48
0.15,12,1.5,192,3,3145162,30,0.0,60.67
0.2,12,1.5,192,3,3145162,30,0.0,57.16
0.25,12,1.5,192,3,3145162,30,0.0,55.38
0.3,12,1.5,192,3,3145162,30,0.0,54.03
0.35,12,1.5,192,3,3145162,30,0.0,51.68
0.4,12,1.5,192,3,3145162,30,0.0,47.81
0.0,12,2.0,192,3,3588682,30,0.0,77.91
0.05,12,2.0,192,3,3588682,30,0.0,73.77
0.1,12,2.0,192,3,3588682,30,0.0,68.08
0.15,12,2.0,192,3,3588682,30,0.0,60.03
0.2,12,2.0,192,3,3588682,30,0.0,55.13
0.25,12,2.0,192,3,3588682,30,0.0,52.43
0.3,12,2.0,192,3,3588682,30,0.0,46.89
0.35,12,2.0,192,3,3588682,30,0.0,50.68
0.4,12,2.0,192,3,3588682,30,0.0,48.18
0.0,12,2.5,192,3,4032202,30,0.0,77.12
0.05,12,2.5,192,3,4032202,30,0.0,69.94
0.1,12,2.5,192,3,4032202,30,0.0,67.38
0.15,12,2.5,192,3,4032202,30,0.0,60.63
0.2,12,2.5,192,3,4032202,30,0.0,53.29
0.25,12,2.5,192,3,4032202,30,0.0,54.04
0.3,12,2.5,192,3,4032202,30,0.0,51.41
0.35,12,2.5,192,3,4032202,30,0.0,49.13
0.4,12,2.5,192,3,4032202,30,0.0,50.5
0.0,12,3.0,192,3,4475722,30,0.0,70.92
0.05,12,3.0,192,3,4475722,30,0.0,74.58
0.1,12,3.0,192,3,4475722,30,0.0,65.16
0.15,12,3.0,192,3,4475722,30,0.0,57.41
0.2,12,3.0,192,3,4475722,30,0.0,52.84
0.25,12,3.0,192,3,4475722,30,0.0,52.37
0.3,12,3.0,192,3,4475722,30,0.0,48.96
0.35,12,3.0,192,3,4475722,30,0.0,48.45
0.4,12,3.0,192,3,4475722,30,0.0,46.64
0.0,12,3.5,192,3,4919242,30,0.0,78.87
0.05,12,3.5,192,3,4919242,30,0.0,69.6
0.1,12,3.5,192,3,4919242,30,0.0,66.82
0.15,12,3.5,192,3,4919242,30,0.0,59.72
0.2,12,3.5,192,3,4919242,30,0.0,54.83
0.25,12,3.5,192,3,4919242,30,0.0,51.64
0.3,12,3.5,192,3,4919242,30,0.0,49.25
0.35,12,3.5,192,3,4919242,30,0.0,46.46
0.4,12,3.5,192,3,4919242,30,0.0,43.56
0.0,12,4.0,192,3,5362762,30,0.0,73.11
0.05,12,4.0,192,3,5362762,30,0.0,74.07
0.1,12,4.0,192,3,5362762,30,0.0,66.34
0.15,12,4.0,192,3,5362762,30,0.0,56.86
0.2,12,4.0,192,3,5362762,30,0.0,53.16
0.25,12,4.0,192,3,5362762,30,0.0,51.74
0.3,12,4.0,192,3,5362762,30,0.0,48.77
0.35,12,4.0,192,3,5362762,30,0.0,36.17
0.4,12,4.0,192,3,5362762,30,0.0,44.16
0.0,12,4.5,192,3,5806282,30,0.0,70.49
0.05,12,4.5,192,3,5806282,30,0.0,61.94
0.1,12,4.5,192,3,5806282,30,0.0,65.11
0.15,12,4.5,192,3,5806282,30,0.0,60.27
0.2,12,4.5,192,3,5806282,30,0.0,56.39
0.25,12,4.5,192,3,5806282,30,0.0,50.26
0.3,12,4.5,192,3,5806282,30,0.0,46.44
0.35,12,4.5,192,3,5806282,30,0.0,48.86
0.4,12,4.5,192,3,5806282,30,0.0,46.27
0.0,12,5.0,192,3,6249802,30,0.0,70.54
0.05,12,5.0,192,3,6249802,30,0.0,69.76
0.1,12,5.0,192,3,6249802,30,0.0,62.81
0.15,12,5.0,192,3,6249802,30,0.0,58.07
0.2,12,5.0,192,3,6249802,30,0.0,50.57
0.25,12,5.0,192,3,6249802,30,0.0,51.6
0.3,12,5.0,192,3,6249802,30,0.0,48.52
0.35,12,5.0,192,3,6249802,30,0.0,46.66
0.4,12,5.0,192,3,6249802,30,0.0,42.53
0.0,12,5.5,192,3,6693322,30,0.0,77.86
0.05,12,5.5,192,3,6693322,30,0.0,70.22
0.1,12,5.5,192,3,6693322,30,0.0,64.0
0.15,12,5.5,192,3,6693322,30,0.0,57.86
0.2,12,5.5,192,3,6693322,30,0.0,53.26
0.25,12,5.5,192,3,6693322,30,0.0,46.06
0.3,12,5.5,192,3,6693322,30,0.0,48.11
0.35,12,5.5,192,3,6693322,30,0.0,45.66
0.4,12,5.5,192,3,6693322,30,0.0,43.97
0.0,12,6.0,192,3,7136842,30,0.0,74.09
0.05,12,6.0,192,3,7136842,30,0.0,62.21
0.1,12,6.0,192,3,7136842,30,0.0,64.43
0.15,12,6.0,192,3,7136842,30,0.0,49.23
0.2,12,6.0,192,3,7136842,30,0.0,52.68
0.25,12,6.0,192,3,7136842,30,0.0,50.41
0.3,12,6.0,192,3,7136842,30,0.0,51.26
0.35,12,6.0,192,3,7136842,30,0.0,46.45
0.4,12,6.0,192,3,7136842,30,0.0,47.57
0.0,14,0.5,192,3,2630410,30,0.0,73.01
0.05,14,0.5,192,3,2630410,30,0.0,72.04
0.1,14,0.5,192,3,2630410,30,0.0,66.3
0.15,14,0.5,192,3,2630410,30,0.0,62.89
0.2,14,0.5,192,3,2630410,30,0.0,57.4
0.25,14,0.5,192,3,2630410,30,0.0,54.45
0.3,14,0.5,192,3,2630410,30,0.0,53.34
0.35,14,0.5,192,3,2630410,30,0.0,54.58
0.4,14,0.5,192,3,2630410,30,0.0,48.1
0.0,14,1.0,192,3,3147850,30,0.0,76.1
0.05,14,1.0,192,3,3147850,30,0.0,69.78
0.1,14,1.0,192,3,3147850,30,0.0,69.08
0.15,14,1.0,192,3,3147850,30,0.0,63.1
0.2,14,1.0,192,3,3147850,30,0.0,57.45
0.25,14,1.0,192,3,3147850,30,0.0,55.33
0.3,14,1.0,192,3,3147850,30,0.0,54.25
0.35,14,1.0,192,3,3147850,30,0.0,51.93
0.4,14,1.0,192,3,3147850,30,0.0,47.92
0.0,14,1.5,192,3,3665290,30,0.0,77.72
0.05,14,1.5,192,3,3665290,30,0.0,73.74
0.1,14,1.5,192,3,3665290,30,0.0,68.85
0.15,14,1.5,192,3,3665290,30,0.0,61.43
0.2,14,1.5,192,3,3665290,30,0.0,55.97
0.25,14,1.5,192,3,3665290,30,0.0,55.53
0.3,14,1.5,192,3,3665290,30,0.0,54.01
0.35,14,1.5,192,3,3665290,30,0.0,50.48
0.4,14,1.5,192,3,3665290,30,0.0,45.96
0.0,14,2.0,192,3,4182730,30,0.0,76.52
0.05,14,2.0,192,3,4182730,30,0.0,72.56
0.1,14,2.0,192,3,4182730,30,0.0,65.61
0.15,14,2.0,192,3,4182730,30,0.0,59.4
0.2,14,2.0,192,3,4182730,30,0.0,56.47
0.25,14,2.0,192,3,4182730,30,0.0,50.8
0.3,14,2.0,192,3,4182730,30,0.0,46.2
0.35,14,2.0,192,3,4182730,30,0.0,51.49
0.4,14,2.0,192,3,4182730,30,0.0,48.63
0.0,14,2.5,192,3,4700170,30,0.0,78.76
0.05,14,2.5,192,3,4700170,30,0.0,70.67
0.1,14,2.5,192,3,4700170,30,0.0,65.04
0.15,14,2.5,192,3,4700170,30,0.0,60.6
0.2,14,2.5,192,3,4700170,30,0.0,54.43
0.25,14,2.5,192,3,4700170,30,0.0,51.9
0.3,14,2.5,192,3,4700170,30,0.0,52.1
0.35,14,2.5,192,3,4700170,30,0.0,48.68
0.4,14,2.5,192,3,4700170,30,0.0,47.55
0.0,14,3.0,192,3,5217610,30,0.0,66.85
0.05,14,3.0,192,3,5217610,30,0.0,63.25
0.1,14,3.0,192,3,5217610,30,0.0,64.45
0.15,14,3.0,192,3,5217610,30,0.0,57.83
0.2,14,3.0,192,3,5217610,30,0.0,55.43
0.25,14,3.0,192,3,5217610,30,0.0,50.22
0.3,14,3.0,192,3,5217610,30,0.0,50.95
0.35,14,3.0,192,3,5217610,30,0.0,48.91
0.4,14,3.0,192,3,5217610,30,0.0,47.08
0.0,14,3.5,192,3,5735050,30,0.0,77.26
0.05,14,3.5,192,3,5735050,30,0.0,73.98
0.1,14,3.5,192,3,5735050,30,0.0,66.96
0.15,14,3.5,192,3,5735050,30,0.0,57.9
0.2,14,3.5,192,3,5735050,30,0.0,53.03
0.25,14,3.5,192,3,5735050,30,0.0,47.1
0.3,14,3.5,192,3,5735050,30,0.0,46.35
0.35,14,3.5,192,3,5735050,30,0.0,47.17
0.4,14,3.5,192,3,5735050,30,0.0,47.65
0.0,14,4.0,192,3,6252490,30,0.0,77.8
0.05,14,4.0,192,3,6252490,30,0.0,72.25
0.1,14,4.0,192,3,6252490,30,0.0,62.6
0.15,14,4.0,192,3,6252490,30,0.0,59.04
0.2,14,4.0,192,3,6252490,30,0.0,55.63
0.25,14,4.0,192,3,6252490,30,0.0,50.06
0.3,14,4.0,192,3,6252490,30,0.0,47.46
0.35,14,4.0,192,3,6252490,30,0.0,44.77
0.4,14,4.0,192,3,6252490,30,0.0,44.89
0.0,14,4.5,192,3,6769930,30,0.0,76.35
0.05,14,4.5,192,3,6769930,30,0.0,67.13
0.1,14,4.5,192,3,6769930,30,0.0,65.82
0.15,14,4.5,192,3,6769930,30,0.0,57.65
0.2,14,4.5,192,3,6769930,30,0.0,53.8
0.25,14,4.5,192,3,6769930,30,0.0,49.32
0.3,14,4.5,192,3,6769930,30,0.0,47.37
0.35,14,4.5,192,3,6769930,30,0.0,48.22
0.4,14,4.5,192,3,6769930,30,0.0,41.78
0.0,14,5.0,192,3,7287370,30,0.0,79.27
0.05,14,5.0,192,3,7287370,30,0.0,75.32
0.1,14,5.0,192,3,7287370,30,0.0,66.05
0.15,14,5.0,192,3,7287370,30,0.0,55.68
0.2,14,5.0,192,3,7287370,30,0.0,52.84
0.25,14,5.0,192,3,7287370,30,0.0,51.81
0.3,14,5.0,192,3,7287370,30,0.0,46.16
0.35,14,5.0,192,3,7287370,30,0.0,44.04
0.4,14,5.0,192,3,7287370,30,0.0,37.51
0.0,14,5.5,192,3,7804810,30,0.0,67.93
0.05,14,5.5,192,3,7804810,30,0.0,70.8
0.1,14,5.5,192,3,7804810,30,0.0,65.45
0.15,14,5.5,192,3,7804810,30,0.0,57.11
0.2,14,5.5,192,3,7804810,30,0.0,48.7
0.25,14,5.5,192,3,7804810,30,0.0,46.67
0.3,14,5.5,192,3,7804810,30,0.0,48.49
0.35,14,5.5,192,3,7804810,30,0.0,47.9
0.4,14,5.5,192,3,7804810,30,0.0,47.17
0.0,14,6.0,192,3,8322250,30,0.0,65.77
0.05,14,6.0,192,3,8322250,30,0.0,72.01
0.1,14,6.0,192,3,8322250,30,0.0,57.88
0.15,14,6.0,192,3,8322250,30,0.0,54.71
0.2,14,6.0,192,3,8322250,30,0.0,53.17
0.25,14,6.0,192,3,8322250,30,0.0,50.63
0.3,14,6.0,192,3,8322250,30,0.0,52.01
0.35,14,6.0,192,3,8322250,30,0.0,48.48
0.4,14,6.0,192,3,8322250,30,0.0,46.23
0.0,16,0.5,192,3,3002698,30,0.0,74.44
0.05,16,0.5,192,3,3002698,30,0.0,71.55
0.1,16,0.5,192,3,3002698,30,0.0,66.69
0.15,16,0.5,192,3,3002698,30,0.0,62.09
0.2,16,0.5,192,3,3002698,30,0.0,57.51
0.25,16,0.5,192,3,3002698,30,0.0,57.42
0.3,16,0.5,192,3,3002698,30,0.0,53.87
0.35,16,0.5,192,3,3002698,30,0.0,53.07
0.4,16,0.5,192,3,3002698,30,0.0,46.05
0.0,16,1.0,192,3,3594058,30,0.0,78.13
0.05,16,1.0,192,3,3594058,30,0.0,72.52
0.1,16,1.0,192,3,3594058,30,0.0,64.83
0.15,16,1.0,192,3,3594058,30,0.0,61.33
0.2,16,1.0,192,3,3594058,30,0.0,56.65
0.25,16,1.0,192,3,3594058,30,0.0,55.24
0.3,16,1.0,192,3,3594058,30,0.0,52.65
0.35,16,1.0,192,3,3594058,30,0.0,49.25
0.4,16,1.0,192,3,3594058,30,0.0,49.99
0.0,16,1.5,192,3,4185418,30,0.0,75.71
0.05,16,1.5,192,3,4185418,30,0.0,73.4
0.1,16,1.5,192,3,4185418,30,0.0,66.04
0.15,16,1.5,192,3,4185418,30,0.0,60.87
0.2,16,1.5,192,3,4185418,30,0.0,56.35
0.25,16,1.5,192,3,4185418,30,0.0,55.42
0.3,16,1.5,192,3,4185418,30,0.0,51.3
0.35,16,1.5,192,3,4185418,30,0.0,50.82
0.4,16,1.5,192,3,4185418,30,0.0,47.66
0.0,16,2.0,192,3,4776778,30,0.0,72.37
0.05,16,2.0,192,3,4776778,30,0.0,72.76
0.1,16,2.0,192,3,4776778,30,0.0,66.14
0.15,16,2.0,192,3,4776778,30,0.0,60.5
0.2,16,2.0,192,3,4776778,30,0.0,55.49
0.25,16,2.0,192,3,4776778,30,0.0,50.86
0.3,16,2.0,192,3,4776778,30,0.0,51.1
0.35,16,2.0,192,3,4776778,30,0.0,49.73
0.4,16,2.0,192,3,4776778,30,0.0,46.69
0.0,16,2.5,192,3,5368138,30,0.0,76.58
0.05,16,2.5,192,3,5368138,30,0.0,74.97
0.1,16,2.5,192,3,5368138,30,0.0,65.8
0.15,16,2.5,192,3,5368138,30,0.0,59.28
0.2,16,2.5,192,3,5368138,30,0.0,53.92
0.25,16,2.5,192,3,5368138,30,0.0,53.74
0.3,16,2.5,192,3,5368138,30,0.0,51.02
0.35,16,2.5,192,3,5368138,30,0.0,45.54
0.4,16,2.5,192,3,5368138,30,0.0,48.02
0.0,16,3.0,192,3,5959498,30,0.0,78.77
0.05,16,3.0,192,3,5959498,30,0.0,73.89
0.1,16,3.0,192,3,5959498,30,0.0,64.98
0.15,16,3.0,192,3,5959498,30,0.0,58.62
0.2,16,3.0,192,3,5959498,30,0.0,53.97
0.25,16,3.0,192,3,5959498,30,0.0,48.61
0.3,16,3.0,192,3,5959498,30,0.0,44.75
0.35,16,3.0,192,3,5959498,30,0.0,47.64
0.4,16,3.0,192,3,5959498,30,0.0,46.05
0.0,16,3.5,192,3,6550858,30,0.0,69.61
0.05,16,3.5,192,3,6550858,30,0.0,65.3
0.1,16,3.5,192,3,6550858,30,0.0,66.22
0.15,16,3.5,192,3,6550858,30,0.0,58.61
0.2,16,3.5,192,3,6550858,30,0.0,52.64
0.25,16,3.5,192,3,6550858,30,0.0,46.72
0.3,16,3.5,192,3,6550858,30,0.0,48.39
0.35,16,3.5,192,3,6550858,30,0.0,48.94
0.4,16,3.5,192,3,6550858,30,0.0,41.85
0.0,16,4.0,192,3,7142218,30,0.0,71.25
0.05,16,4.0,192,3,7142218,30,0.0,71.53
0.1,16,4.0,192,3,7142218,30,0.0,58.24
0.15,16,4.0,192,3,7142218,30,0.0,58.03
0.2,16,4.0,192,3,7142218,30,0.0,52.26
0.25,16,4.0,192,3,7142218,30,0.0,49.01
0.3,16,4.0,192,3,7142218,30,0.0,49.09
0.35,16,4.0,192,3,7142218,30,0.0,44.47
0.4,16,4.0,192,3,7142218,30,0.0,45.16
0.0,16,4.5,192,3,7733578,30,0.0,66.53
0.05,16,4.5,192,3,7733578,30,0.0,61.13
0.1,16,4.5,192,3,7733578,30,0.0,64.56
0.15,16,4.5,192,3,7733578,30,0.0,56.04
0.2,16,4.5,192,3,7733578,30,0.0,51.12
0.25,16,4.5,192,3,7733578,30,0.0,51.59
0.3,16,4.5,192,3,7733578,30,0.0,51.25
0.35,16,4.5,192,3,7733578,30,0.0,46.31
0.4,16,4.5,192,3,7733578,30,0.0,42.55
0.0,16,5.0,192,3,8324938,30,0.0,75.67
0.05,16,5.0,192,3,8324938,30,0.0,66.17
0.1,16,5.0,192,3,8324938,30,0.0,61.24
0.15,16,5.0,192,3,8324938,30,0.0,57.6
0.2,16,5.0,192,3,8324938,30,0.0,53.36
0.25,16,5.0,192,3,8324938,30,0.0,52.98
0.3,16,5.0,192,3,8324938,30,0.0,45.93
0.35,16,5.0,192,3,8324938,30,0.0,48.19
0.4,16,5.0,192,3,8324938,30,0.0,46.25
0.0,16,5.5,192,3,8916298,30,0.0,68.79
0.05,16,5.5,192,3,8916298,30,0.0,63.17
0.1,16,5.5,192,3,8916298,30,0.0,60.38
0.15,16,5.5,192,3,8916298,30,0.0,56.76
0.2,16,5.5,192,3,8916298,30,0.0,51.29
0.25,16,5.5,192,3,8916298,30,0.0,51.54
0.3,16,5.5,192,3,8916298,30,0.0,43.39
0.35,16,5.5,192,3,8916298,30,0.0,38.57
0.4,16,5.5,192,3,8916298,30,0.0,43.9
0.0,16,6.0,192,3,9507658,30,0.0,69.64
0.05,16,6.0,192,3,9507658,30,0.0,64.17
0.1,16,6.0,192,3,9507658,30,0.0,61.26
0.15,16,6.0,192,3,9507658,30,0.0,57.33
0.2,16,6.0,192,3,9507658,30,0.0,48.16
0.25,16,6.0,192,3,9507658,30,0.0,50.4
0.3,16,6.0,192,3,9507658,30,0.0,46.58
0.35,16,6.0,192,3,9507658,30,0.0,48.12
0.4,16,6.0,192,3,9507658,30,0.0,45.16
0.0,2,0.5,192,3,396682,30,0.0,67.28
0.05,2,0.5,192,3,396682,30,0.0,65.81
0.1,2,0.5,192,3,396682,30,0.0,57.81
0.15,2,0.5,192,3,396682,30,0.0,49.48
0.2,2,0.5,192,3,396682,30,0.0,49.43
0.25,2,0.5,192,3,396682,30,0.0,44.27
0.3,2,0.5,192,3,396682,30,0.0,42.06
0.35,2,0.5,192,3,396682,30,0.0,44.09
0.4,2,0.5,192,3,396682,30,0.0,44.1
0.45,2,0.5,192,3,396682,30,0.0,44.87
0.0,2,1.0,192,3,470602,30,0.0,68.97
0.05,2,1.0,192,3,470602,30,0.0,67.41
0.1,2,1.0,192,3,470602,30,0.0,57.94
0.15,2,1.0,192,3,470602,30,0.0,52.59
0.2,2,1.0,192,3,470602,30,0.0,47.47
0.25,2,1.0,192,3,470602,30,0.0,44.2
0.3,2,1.0,192,3,470602,30,0.0,44.68
0.35,2,1.0,192,3,470602,30,0.0,45.33
0.4,2,1.0,192,3,470602,30,0.0,44.68
0.45,2,1.0,192,3,470602,30,0.0,42.64
0.0,2,1.5,192,3,544522,30,0.0,71.63
0.05,2,1.5,192,3,544522,30,0.0,67.53
0.1,2,1.5,192,3,544522,30,0.0,57.2
0.15,2,1.5,192,3,544522,30,0.0,53.45
0.2,2,1.5,192,3,544522,30,0.0,45.16
0.25,2,1.5,192,3,544522,30,0.0,46.57
0.3,2,1.5,192,3,544522,30,0.0,44.5
0.35,2,1.5,192,3,544522,30,0.0,45.71
0.4,2,1.5,192,3,544522,30,0.0,44.89
0.45,2,1.5,192,3,544522,30,0.0,42.64
0.0,2,2.0,192,3,618442,30,0.0,71.31
0.05,2,2.0,192,3,618442,30,0.0,67.49
0.1,2,2.0,192,3,618442,30,0.0,59.52
0.15,2,2.0,192,3,618442,30,0.0,52.02
0.2,2,2.0,192,3,618442,30,0.0,47.06
0.25,2,2.0,192,3,618442,30,0.0,47.9
0.3,2,2.0,192,3,618442,30,0.0,46.84
0.35,2,2.0,192,3,618442,30,0.0,45.08
0.4,2,2.0,192,3,618442,30,0.0,46.41
0.45,2,2.0,192,3,618442,30,0.0,45.19
0.0,2,2.5,192,3,692362,30,0.0,71.38
0.05,2,2.5,192,3,692362,30,0.0,69.98
0.1,2,2.5,192,3,692362,30,0.0,59.71
0.15,2,2.5,192,3,692362,30,0.0,53.24
0.2,2,2.5,192,3,692362,30,0.0,48.67
0.25,2,2.5,192,3,692362,30,0.0,44.55
0.3,2,2.5,192,3,692362,30,0.0,44.74
0.35,2,2.5,192,3,692362,30,0.0,45.05
0.4,2,2.5,192,3,692362,30,0.0,45.06
0.45,2,2.5,192,3,692362,30,0.0,43.94
0.0,2,3.0,192,3,766282,30,0.0,68.81
0.05,2,3.0,192,3,766282,30,0.0,68.53
0.1,2,3.0,192,3,766282,30,0.0,59.97
0.15,2,3.0,192,3,766282,30,0.0,50.67
0.2,2,3.0,192,3,766282,30,0.0,47.6
0.25,2,3.0,192,3,766282,30,0.0,48.45
0.3,2,3.0,192,3,766282,30,0.0,47.76
0.35,2,3.0,192,3,766282,30,0.0,45.2
0.4,2,3.0,192,3,766282,30,0.0,43.84
0.45,2,3.0,192,3,766282,30,0.0,42.77
0.0,2,3.5,192,3,840202,30,0.0,73.87
0.05,2,3.5,192,3,840202,30,0.0,68.43
0.1,2,3.5,192,3,840202,30,0.0,59.92
0.15,2,3.5,192,3,840202,30,0.0,53.15
0.2,2,3.5,192,3,840202,30,0.0,51.04
0.25,2,3.5,192,3,840202,30,0.0,45.26
0.3,2,3.5,192,3,840202,30,0.0,44.05
0.35,2,3.5,192,3,840202,30,0.0,46.85
0.4,2,3.5,192,3,840202,30,0.0,43.93
0.45,2,3.5,192,3,840202,30,0.0,44.03
0.0,2,4.0,192,3,914122,30,0.0,71.22
0.05,2,4.0,192,3,914122,30,0.0,67.43
0.1,2,4.0,192,3,914122,30,0.0,60.51
0.15,2,4.0,192,3,914122,30,0.0,53.11
0.2,2,4.0,192,3,914122,30,0.0,47.7
0.25,2,4.0,192,3,914122,30,0.0,48.86
0.3,2,4.0,192,3,914122,30,0.0,44.55
0.35,2,4.0,192,3,914122,30,0.0,46.58
0.4,2,4.0,192,3,914122,30,0.0,43.16
0.45,2,4.0,192,3,914122,30,0.0,45.03
0.0,2,4.5,192,3,988042,30,0.0,72.07
0.05,2,4.5,192,3,988042,30,0.0,65.49
0.1,2,4.5,192,3,988042,30,0.0,58.92
0.15,2,4.5,192,3,988042,30,0.0,54.63
0.2,2,4.5,192,3,988042,30,0.0,48.93
0.25,2,4.5,192,3,988042,30,0.0,47.19
0.3,2,4.5,192,3,988042,30,0.0,43.13
0.35,2,4.5,192,3,988042,30,0.0,43.59
0.4,2,4.5,192,3,988042,30,0.0,44.05
0.45,2,4.5,192,3,988042,30,0.0,44.09
0.0,2,5.0,192,3,1061962,30,0.0,72.64
0.05,2,5.0,192,3,1061962,30,0.0,68.98
0.1,2,5.0,192,3,1061962,30,0.0,57.57
0.15,2,5.0,192,3,1061962,30,0.0,55.03
0.2,2,5.0,192,3,1061962,30,0.0,47.22
0.25,2,5.0,192,3,1061962,30,0.0,48.3
0.3,2,5.0,192,3,1061962,30,0.0,45.0
0.35,2,5.0,192,3,1061962,30,0.0,44.12
0.4,2,5.0,192,3,1061962,30,0.0,43.9
0.45,2,5.0,192,3,1061962,30,0.0,42.74
0.0,2,5.5,192,3,1135882,30,0.0,66.0
0.05,2,5.5,192,3,1135882,30,0.0,67.87
0.1,2,5.5,192,3,1135882,30,0.0,58.86
0.15,2,5.5,192,3,1135882,30,0.0,48.91
0.2,2,5.5,192,3,1135882,30,0.0,44.62
0.25,2,5.5,192,3,1135882,30,0.0,46.62
0.3,2,5.5,192,3,1135882,30,0.0,41.74
0.35,2,5.5,192,3,1135882,30,0.0,47.83
0.4,2,5.5,192,3,1135882,30,0.0,43.74
0.45,2,5.5,192,3,1135882,30,0.0,43.21
0.0,2,6.0,192,3,1209802,30,0.0,68.42
0.05,2,6.0,192,3,1209802,30,0.0,64.62
0.1,2,6.0,192,3,1209802,30,0.0,58.27
0.15,2,6.0,192,3,1209802,30,0.0,50.72
0.2,2,6.0,192,3,1209802,30,0.0,47.25
0.25,2,6.0,192,3,1209802,30,0.0,46.98
0.3,2,6.0,192,3,1209802,30,0.0,43.32
0.35,2,6.0,192,3,1209802,30,0.0,44.51
0.4,2,6.0,192,3,1209802,30,0.0,44.85
0.45,2,6.0,192,3,1209802,30,0.0,43.02
0.0,4,0.5,192,3,768970,30,0.0,74.07
0.05,4,0.5,192,3,768970,30,0.0,72.43
0.1,4,0.5,192,3,768970,30,0.0,64.42
0.15,4,0.5,192,3,768970,30,0.0,59.4
0.2,4,0.5,192,3,768970,30,0.0,55.26
0.25,4,0.5,192,3,768970,30,0.0,51.44
0.3,4,0.5,192,3,768970,30,0.0,50.64
0.35,4,0.5,192,3,768970,30,0.0,48.93
0.4,4,0.5,192,3,768970,30,0.0,48.97
0.45,4,0.5,192,3,768970,30,0.0,48.42
0.0,4,1.0,192,3,916810,30,0.0,76.88
0.05,4,1.0,192,3,916810,30,0.0,74.05
0.1,4,1.0,192,3,916810,30,0.0,66.1
0.15,4,1.0,192,3,916810,30,0.0,60.97
0.2,4,1.0,192,3,916810,30,0.0,53.23
0.25,4,1.0,192,3,916810,30,0.0,51.67
0.3,4,1.0,192,3,916810,30,0.0,50.45
0.35,4,1.0,192,3,916810,30,0.0,47.07
0.4,4,1.0,192,3,916810,30,0.0,48.39
0.45,4,1.0,192,3,916810,30,0.0,48.7
0.0,4,1.5,192,3,1064650,30,0.0,76.37
0.05,4,1.5,192,3,1064650,30,0.0,72.56
0.1,4,1.5,192,3,1064650,30,0.0,66.32
0.15,4,1.5,192,3,1064650,30,0.0,60.6
0.2,4,1.5,192,3,1064650,30,0.0,55.29
0.25,4,1.5,192,3,1064650,30,0.0,53.46
0.3,4,1.5,192,3,1064650,30,0.0,51.1
0.35,4,1.5,192,3,1064650,30,0.0,48.67
0.4,4,1.5,192,3,1064650,30,0.0,47.59
0.45,4,1.5,192,3,1064650,30,0.0,46.42
0.0,4,2.0,192,3,1212490,30,0.0,77.87
0.05,4,2.0,192,3,1212490,30,0.0,72.95
0.1,4,2.0,192,3,1212490,30,0.0,65.75
0.15,4,2.0,192,3,1212490,30,0.0,59.42
0.2,4,2.0,192,3,1212490,30,0.0,56.12
0.25,4,2.0,192,3,1212490,30,0.0,53.08
0.3,4,2.0,192,3,1212490,30,0.0,49.23
0.35,4,2.0,192,3,1212490,30,0.0,48.57
0.4,4,2.0,192,3,1212490,30,0.0,49.25
0.45,4,2.0,192,3,1212490,30,0.0,47.45
0.0,4,2.5,192,3,1360330,30,0.0,78.27
0.05,4,2.5,192,3,1360330,30,0.0,73.72
0.1,4,2.5,192,3,1360330,30,0.0,66.81
0.15,4,2.5,192,3,1360330,30,0.0,55.53
0.2,4,2.5,192,3,1360330,30,0.0,54.74
0.25,4,2.5,192,3,1360330,30,0.0,51.15
0.3,4,2.5,192,3,1360330,30,0.0,51.37
0.35,4,2.5,192,3,1360330,30,0.0,48.71
0.4,4,2.5,192,3,1360330,30,0.0,48.26
0.45,4,2.5,192,3,1360330,30,0.0,46.68
0.0,4,3.0,192,3,1508170,30,0.0,77.33
0.05,4,3.0,192,3,1508170,30,0.0,74.0
0.1,4,3.0,192,3,1508170,30,0.0,64.78
0.15,4,3.0,192,3,1508170,30,0.0,58.64
0.2,4,3.0,192,3,1508170,30,0.0,53.67
0.25,4,3.0,192,3,1508170,30,0.0,51.81
0.3,4,3.0,192,3,1508170,30,0.0,50.94
0.35,4,3.0,192,3,1508170,30,0.0,48.62
0.4,4,3.0,192,3,1508170,30,0.0,47.04
0.45,4,3.0,192,3,1508170,30,0.0,44.5
0.0,4,3.5,192,3,1656010,30,0.0,74.0
0.05,4,3.5,192,3,1656010,30,0.0,74.73
0.1,4,3.5,192,3,1656010,30,0.0,63.87
0.15,4,3.5,192,3,1656010,30,0.0,59.19
0.2,4,3.5,192,3,1656010,30,0.0,50.55
0.25,4,3.5,192,3,1656010,30,0.0,50.1
0.3,4,3.5,192,3,1656010,30,0.0,49.63
0.35,4,3.5,192,3,1656010,30,0.0,48.2
0.4,4,3.5,192,3,1656010,30,0.0,47.36
0.45,4,3.5,192,3,1656010,30,0.0,45.16
0.0,4,4.0,192,3,1803850,30,0.0,77.61
0.05,4,4.0,192,3,1803850,30,0.0,68.64
0.1,4,4.0,192,3,1803850,30,0.0,59.59
0.15,4,4.0,192,3,1803850,30,0.0,55.86
0.2,4,4.0,192,3,1803850,30,0.0,51.65
0.25,4,4.0,192,3,1803850,30,0.0,47.65
0.3,4,4.0,192,3,1803850,30,0.0,48.67
0.35,4,4.0,192,3,1803850,30,0.0,47.85
0.4,4,4.0,192,3,1803850,30,0.0,46.99
0.45,4,4.0,192,3,1803850,30,0.0,46.03
0.0,4,4.5,192,3,1951690,30,0.0,78.25
0.05,4,4.5,192,3,1951690,30,0.0,70.22
0.1,4,4.5,192,3,1951690,30,0.0,64.3
0.15,4,4.5,192,3,1951690,30,0.0,55.7
0.2,4,4.5,192,3,1951690,30,0.0,50.84
0.25,4,4.5,192,3,1951690,30,0.0,48.32
0.3,4,4.5,192,3,1951690,30,0.0,49.39
0.35,4,4.5,192,3,1951690,30,0.0,47.25
0.4,4,4.5,192,3,1951690,30,0.0,44.62
0.45,4,4.5,192,3,1951690,30,0.0,45.98
0.0,4,5.0,192,3,2099530,30,0.0,75.27
0.05,4,5.0,192,3,2099530,30,0.0,73.99
0.1,4,5.0,192,3,2099530,30,0.0,60.44
0.15,4,5.0,192,3,2099530,30,0.0,51.02
0.2,4,5.0,192,3,2099530,30,0.0,48.88
0.25,4,5.0,192,3,2099530,30,0.0,50.18
0.3,4,5.0,192,3,2099530,30,0.0,45.96
0.35,4,5.0,192,3,2099530,30,0.0,48.07
0.4,4,5.0,192,3,2099530,30,0.0,43.94
0.45,4,5.0,192,3,2099530,30,0.0,44.55
0.0,4,5.5,192,3,2247370,30,0.0,72.0
0.05,4,5.5,192,3,2247370,30,0.0,66.48
0.1,4,5.5,192,3,2247370,30,0.0,66.12
0.15,4,5.5,192,3,2247370,30,0.0,57.72
0.2,4,5.5,192,3,2247370,30,0.0,52.32
0.25,4,5.5,192,3,2247370,30,0.0,48.05
0.3,4,5.5,192,3,2247370,30,0.0,47.37
0.35,4,5.5,192,3,2247370,30,0.0,45.99
0.4,4,5.5,192,3,2247370,30,0.0,45.21
0.45,4,5.5,192,3,2247370,30,0.0,44.63
0.0,4,6.0,192,3,2395210,30,0.0,73.7
0.05,4,6.0,192,3,2395210,30,0.0,73.37
0.1,4,6.0,192,3,2395210,30,0.0,58.06
0.15,4,6.0,192,3,2395210,30,0.0,57.95
0.2,4,6.0,192,3,2395210,30,0.0,48.42
0.25,4,6.0,192,3,2395210,30,0.0,47.4
0.3,4,6.0,192,3,2395210,30,0.0,47.91
0.35,4,6.0,192,3,2395210,30,0.0,45.93
0.4,4,6.0,192,3,2395210,30,0.0,43.93
0.45,4,6.0,192,3,2395210,30,0.0,44.2
0.0,6,0.5,192,3,1141258,30,0.0,76.45
0.05,6,0.5,192,3,1141258,30,0.0,73.03
0.1,6,0.5,192,3,1141258,30,0.0,67.87
0.15,6,0.5,192,3,1141258,30,0.0,61.13
0.2,6,0.5,192,3,1141258,30,0.0,57.46
0.25,6,0.5,192,3,1141258,30,0.0,53.49
0.3,6,0.5,192,3,1141258,30,0.0,52.85
0.35,6,0.5,192,3,1141258,30,0.0,50.56
0.4,6,0.5,192,3,1141258,30,0.0,49.05
0.45,6,0.5,192,3,1141258,30,0.0,49.33
0.0,6,1.0,192,3,1363018,30,0.0,78.07
0.05,6,1.0,192,3,1363018,30,0.0,74.49
0.1,6,1.0,192,3,1363018,30,0.0,68.0
0.15,6,1.0,192,3,1363018,30,0.0,61.68
0.2,6,1.0,192,3,1363018,30,0.0,57.96
0.25,6,1.0,192,3,1363018,30,0.0,56.51
0.3,6,1.0,192,3,1363018,30,0.0,52.11
0.35,6,1.0,192,3,1363018,30,0.0,50.41
0.4,6,1.0,192,3,1363018,30,0.0,49.31
0.45,6,1.0,192,3,1363018,30,0.0,49.48
0.0,6,1.5,192,3,1584778,30,0.0,79.15
0.05,6,1.5,192,3,1584778,30,0.0,73.93
0.1,6,1.5,192,3,1584778,30,0.0,66.4
0.15,6,1.5,192,3,1584778,30,0.0,60.31
0.2,6,1.5,192,3,1584778,30,0.0,56.29
0.25,6,1.5,192,3,1584778,30,0.0,52.57
0.3,6,1.5,192,3,1584778,30,0.0,52.06
0.35,6,1.5,192,3,1584778,30,0.0,52.94
0.4,6,1.5,192,3,1584778,30,0.0,50.62
0.45,6,1.5,192,3,1584778,30,0.0,48.88
0.0,6,2.0,192,3,1806538,30,0.0,77.25
0.05,6,2.0,192,3,1806538,30,0.0,75.13
0.1,6,2.0,192,3,1806538,30,0.0,67.32
0.15,6,2.0,192,3,1806538,30,0.0,59.4
0.2,6,2.0,192,3,1806538,30,0.0,56.42
0.25,6,2.0,192,3,1806538,30,0.0,54.08
0.3,6,2.0,192,3,1806538,30,0.0,51.07
0.35,6,2.0,192,3,1806538,30,0.0,50.03
0.4,6,2.0,192,3,1806538,30,0.0,48.08
0.45,6,2.0,192,3,1806538,30,0.0,46.55
0.0,6,2.5,192,3,2028298,30,0.0,79.03
0.05,6,2.5,192,3,2028298,30,0.0,74.32
0.1,6,2.5,192,3,2028298,30,0.0,66.75
0.15,6,2.5,192,3,2028298,30,0.0,59.35
0.2,6,2.5,192,3,2028298,30,0.0,57.09
0.25,6,2.5,192,3,2028298,30,0.0,51.31
0.3,6,2.5,192,3,2028298,30,0.0,52.32
0.35,6,2.5,192,3,2028298,30,0.0,49.95
0.4,6,2.5,192,3,2028298,30,0.0,48.26
0.45,6,2.5,192,3,2028298,30,0.0,48.58
0.0,6,3.0,192,3,2250058,30,0.0,78.0
0.05,6,3.0,192,3,2250058,30,0.0,74.11
0.1,6,3.0,192,3,2250058,30,0.0,68.2
0.15,6,3.0,192,3,2250058,30,0.0,57.86
0.2,6,3.0,192,3,2250058,30,0.0,54.03
0.25,6,3.0,192,3,2250058,30,0.0,51.52
0.3,6,3.0,192,3,2250058,30,0.0,48.82
0.35,6,3.0,192,3,2250058,30,0.0,52.09
0.4,6,3.0,192,3,2250058,30,0.0,46.12
0.45,6,3.0,192,3,2250058,30,0.0,44.88
0.0,6,3.5,192,3,2471818,30,0.0,78.9
0.05,6,3.5,192,3,2471818,30,0.0,74.61
0.1,6,3.5,192,3,2471818,30,0.0,66.24
0.15,6,3.5,192,3,2471818,30,0.0,57.8
0.2,6,3.5,192,3,2471818,30,0.0,55.19
0.25,6,3.5,192,3,2471818,30,0.0,51.11
0.3,6,3.5,192,3,2471818,30,0.0,50.44
0.35,6,3.5,192,3,2471818,30,0.0,47.23
0.4,6,3.5,192,3,2471818,30,0.0,46.68
0.45,6,3.5,192,3,2471818,30,0.0,46.8
0.0,6,4.0,192,3,2693578,30,0.0,76.07
0.05,6,4.0,192,3,2693578,30,0.0,75.47
0.1,6,4.0,192,3,2693578,30,0.0,65.2
0.15,6,4.0,192,3,2693578,30,0.0,60.58
0.2,6,4.0,192,3,2693578,30,0.0,56.42
0.25,6,4.0,192,3,2693578,30,0.0,50.61
0.3,6,4.0,192,3,2693578,30,0.0,49.07
0.35,6,4.0,192,3,2693578,30,0.0,45.28
0.4,6,4.0,192,3,2693578,30,0.0,46.91
0.45,6,4.0,192,3,2693578,30,0.0,45.62
0.0,6,4.5,192,3,2915338,30,0.0,71.51
0.05,6,4.5,192,3,2915338,30,0.0,74.56
0.1,6,4.5,192,3,2915338,30,0.0,58.02
0.15,6,4.5,192,3,2915338,30,0.0,59.03
0.2,6,4.5,192,3,2915338,30,0.0,52.95
0.25,6,4.5,192,3,2915338,30,0.0,48.14
0.3,6,4.5,192,3,2915338,30,0.0,49.22
0.35,6,4.5,192,3,2915338,30,0.0,50.04
0.4,6,4.5,192,3,2915338,30,0.0,45.13
0.45,6,4.5,192,3,2915338,30,0.0,45.74
0.0,6,5.0,192,3,3137098,30,0.0,71.51
0.05,6,5.0,192,3,3137098,30,0.0,74.12
0.1,6,5.0,192,3,3137098,30,0.0,63.05
0.15,6,5.0,192,3,3137098,30,0.0,58.57
0.2,6,5.0,192,3,3137098,30,0.0,55.29
0.25,6,5.0,192,3,3137098,30,0.0,51.66
0.3,6,5.0,192,3,3137098,30,0.0,53.02
0.35,6,5.0,192,3,3137098,30,0.0,46.84
0.4,6,5.0,192,3,3137098,30,0.0,46.22
0.45,6,5.0,192,3,3137098,30,0.0,45.31
0.0,6,5.5,192,3,3358858,30,0.0,76.49
0.05,6,5.5,192,3,3358858,30,0.0,74.83
0.1,6,5.5,192,3,3358858,30,0.0,60.17
0.15,6,5.5,192,3,3358858,30,0.0,53.36
0.2,6,5.5,192,3,3358858,30,0.0,51.33
0.25,6,5.5,192,3,3358858,30,0.0,47.89
0.3,6,5.5,192,3,3358858,30,0.0,49.74
0.35,6,5.5,192,3,3358858,30,0.0,45.8
0.4,6,5.5,192,3,3358858,30,0.0,45.14
0.45,6,5.5,192,3,3358858,30,0.0,46.77
0.0,6,6.0,192,3,3580618,30,0.0,68.73
0.05,6,6.0,192,3,3580618,30,0.0,69.1
0.1,6,6.0,192,3,3580618,30,0.0,66.0
0.15,6,6.0,192,3,3580618,30,0.0,55.51
0.2,6,6.0,192,3,3580618,30,0.0,48.1
0.25,6,6.0,192,3,3580618,30,0.0,50.0
0.3,6,6.0,192,3,3580618,30,0.0,45.74
0.35,6,6.0,192,3,3580618,30,0.0,45.73
0.4,6,6.0,192,3,3580618,30,0.0,46.79
0.45,6,6.0,192,3,3580618,30,0.0,44.38
0.0,8,0.5,192,3,1513546,30,0.0,74.32
0.05,8,0.5,192,3,1513546,30,0.0,74.11
0.1,8,0.5,192,3,1513546,30,0.0,68.8
0.15,8,0.5,192,3,1513546,30,0.0,62.36
0.2,8,0.5,192,3,1513546,30,0.0,59.0
0.25,8,0.5,192,3,1513546,30,0.0,55.89
0.3,8,0.5,192,3,1513546,30,0.0,52.38
0.35,8,0.5,192,3,1513546,30,0.0,51.27
0.4,8,0.5,192,3,1513546,30,0.0,52.11
0.45,8,0.5,192,3,1513546,30,0.0,49.39
0.0,8,1.0,192,3,1809226,30,0.0,79.22
0.05,8,1.0,192,3,1809226,30,0.0,74.67
0.1,8,1.0,192,3,1809226,30,0.0,66.37
0.15,8,1.0,192,3,1809226,30,0.0,62.08
0.2,8,1.0,192,3,1809226,30,0.0,57.9
0.25,8,1.0,192,3,1809226,30,0.0,55.03
0.3,8,1.0,192,3,1809226,30,0.0,53.38
0.35,8,1.0,192,3,1809226,30,0.0,49.84
0.4,8,1.0,192,3,1809226,30,0.0,50.37
0.45,8,1.0,192,3,1809226,30,0.0,48.22
0.0,8,1.5,192,3,2104906,30,0.0,78.31
0.05,8,1.5,192,3,2104906,30,0.0,75.52
0.1,8,1.5,192,3,2104906,30,0.0,67.71
0.15,8,1.5,192,3,2104906,30,0.0,61.97
0.2,8,1.5,192,3,2104906,30,0.0,57.45
0.25,8,1.5,192,3,2104906,30,0.0,56.75
0.3,8,1.5,192,3,2104906,30,0.0,52.27
0.35,8,1.5,192,3,2104906,30,0.0,52.66
0.4,8,1.5,192,3,2104906,30,0.0,50.47
0.45,8,1.5,192,3,2104906,30,0.0,49.02
0.0,8,2.0,192,3,2400586,30,0.0,79.27
0.05,8,2.0,192,3,2400586,30,0.0,74.3
0.1,8,2.0,192,3,2400586,30,0.0,68.15
0.15,8,2.0,192,3,2400586,30,0.0,60.9
0.2,8,2.0,192,3,2400586,30,0.0,57.26
0.25,8,2.0,192,3,2400586,30,0.0,53.69
0.3,8,2.0,192,3,2400586,30,0.0,53.62
0.35,8,2.0,192,3,2400586,30,0.0,53.7
0.4,8,2.0,192,3,2400586,30,0.0,46.44
0.45,8,2.0,192,3,2400586,30,0.0,47.15
0.0,8,2.5,192,3,2696266,30,0.0,78.44
0.05,8,2.5,192,3,2696266,30,0.0,75.37
0.1,8,2.5,192,3,2696266,30,0.0,67.78
0.15,8,2.5,192,3,2696266,30,0.0,59.41
0.2,8,2.5,192,3,2696266,30,0.0,56.62
0.25,8,2.5,192,3,2696266,30,0.0,55.11
0.3,8,2.5,192,3,2696266,30,0.0,53.72
0.35,8,2.5,192,3,2696266,30,0.0,48.52
0.4,8,2.5,192,3,2696266,30,0.0,50.56
0.0,8,3.0,192,3,2991946,30,0.0,79.43
0.05,8,3.0,192,3,2991946,30,0.0,74.32
0.1,8,3.0,192,3,2991946,30,0.0,66.67
0.15,8,3.0,192,3,2991946,30,0.0,59.19
0.2,8,3.0,192,3,2991946,30,0.0,50.91
0.25,8,3.0,192,3,2991946,30,0.0,54.3
0.3,8,3.0,192,3,2991946,30,0.0,48.29
0.35,8,3.0,192,3,2991946,30,0.0,50.49
0.4,8,3.0,192,3,2991946,30,0.0,47.82
0.0,8,3.5,192,3,3287626,30,0.0,78.59
0.05,8,3.5,192,3,3287626,30,0.0,74.89
0.1,8,3.5,192,3,3287626,30,0.0,64.37
0.15,8,3.5,192,3,3287626,30,0.0,57.73
0.2,8,3.5,192,3,3287626,30,0.0,52.08
0.25,8,3.5,192,3,3287626,30,0.0,48.5
0.3,8,3.5,192,3,3287626,30,0.0,51.24
0.35,8,3.5,192,3,3287626,30,0.0,48.49
0.4,8,3.5,192,3,3287626,30,0.0,49.36
0.0,8,4.0,192,3,3583306,30,0.0,73.61
0.05,8,4.0,192,3,3583306,30,0.0,72.69
0.1,8,4.0,192,3,3583306,30,0.0,66.37
0.15,8,4.0,192,3,3583306,30,0.0,60.34
0.2,8,4.0,192,3,3583306,30,0.0,52.09
0.25,8,4.0,192,3,3583306,30,0.0,50.36
0.3,8,4.0,192,3,3583306,30,0.0,48.59
0.35,8,4.0,192,3,3583306,30,0.0,47.14
0.4,8,4.0,192,3,3583306,30,0.0,48.34
0.0,8,4.5,192,3,3878986,30,0.0,78.6
0.05,8,4.5,192,3,3878986,30,0.0,68.51
0.1,8,4.5,192,3,3878986,30,0.0,64.17
0.15,8,4.5,192,3,3878986,30,0.0,57.3
0.2,8,4.5,192,3,3878986,30,0.0,54.14
0.25,8,4.5,192,3,3878986,30,0.0,51.98
0.3,8,4.5,192,3,3878986,30,0.0,47.95
0.35,8,4.5,192,3,3878986,30,0.0,47.37
0.4,8,4.5,192,3,3878986,30,0.0,45.75
0.0,8,5.0,192,3,4174666,30,0.0,75.88
0.05,8,5.0,192,3,4174666,30,0.0,69.91
0.1,8,5.0,192,3,4174666,30,0.0,57.22
0.15,8,5.0,192,3,4174666,30,0.0,57.3
0.2,8,5.0,192,3,4174666,30,0.0,49.72
0.25,8,5.0,192,3,4174666,30,0.0,50.61
0.3,8,5.0,192,3,4174666,30,0.0,49.44
0.35,8,5.0,192,3,4174666,30,0.0,45.8
0.4,8,5.0,192,3,4174666,30,0.0,42.98
0.0,8,5.5,192,3,4470346,30,0.0,78.51
0.05,8,5.5,192,3,4470346,30,0.0,60.77
0.1,8,5.5,192,3,4470346,30,0.0,55.56
0.15,8,5.5,192,3,4470346,30,0.0,58.25
0.2,8,5.5,192,3,4470346,30,0.0,50.58
0.25,8,5.5,192,3,4470346,30,0.0,50.23
0.3,8,5.5,192,3,4470346,30,0.0,47.47
0.35,8,5.5,192,3,4470346,30,0.0,47.12
0.4,8,5.5,192,3,4470346,30,0.0,46.2
0.0,8,6.0,192,3,4766026,30,0.0,67.48
0.05,8,6.0,192,3,4766026,30,0.0,71.22
0.1,8,6.0,192,3,4766026,30,0.0,66.53
0.15,8,6.0,192,3,4766026,30,0.0,55.62
0.2,8,6.0,192,3,4766026,30,0.0,49.93
0.25,8,6.0,192,3,4766026,30,0.0,48.2
0.3,8,6.0,192,3,4766026,30,0.0,49.68
0.35,8,6.0,192,3,4766026,30,0.0,46.73
0.4,8,6.0,192,3,4766026,30,0.0,43.41
